Mutant,dH,stderr
WT,-24.109,3
D2C,-22.553,2.043 
D2A,-24.465,8.953 
D2M,-21.897,3.938 
D2N,-33.181,3.088 
D2E,-26.316,2.418 
D2K,-22.522,1.967 
D2Y,-12.201,2.296  
T7D,-18.735,3.006  
T7G,-1.825,2.646  
T7R,-17.201,3.835 
T7Y,-26.379,2.893 
T7V,-22.66,3.936  
Y9R,-14.079,3.947 
Y9G,-17.569,4.52  
Y9V,-20.885,1.756 
Y9A,-6.58,3.141   
Y9E,-13.732,2.502 
Y9K,-17.952,2.663 
Y9Q,-13.188,2.18  
E4G,-19.559,2.843 
E4Y,-30.613,3.507 
E4R,-19.74,4.12   
E4A,-27.74,2.585  
P3C,-22.8,2.884   
P3M,-24.483,5.35  
P3R,-24.65,3.124  
P3D,-27.557,2.527 
