short,long,medium,lambda,tF,tU,mfpt,lim,abs_dvar_F,abs_dvar_U,rel_dvar_F,rel_dvar_U,residue_idx,property_grp,Tm,dTm,abs_dTm,n_desc,nF,nU,mean_rmsd_F,mean_rmsd_U,res_weight_0,res_weight_1,res_weight_2,res_weight_3,res_weight_4,res_weight_5,res_weight_6,res_weight_7,res_weight_8,res_weight_9,log_mfpt_ratio
WT,chignolin,,3617.3475453943493,0.29,0.52,98195.12869851434,27,0.0,0.0,0.0,0.0,,,407.0,0.0,0.0,17,93956,90134,,,1.7,0.51,0.24,0.7,1.05,1.0,0.94,0.33,0.38,1.53,0.0
D2A,YYAPETGTWY,Asp2Ala,3535.2210184183364,0.29,0.52,30956.15445419224,16,0.002293412755642467,0.5473711116360868,2.6569621390509233,25.80078823407335,2.0,AVILMFYW,394.0,-13.0,13.0,19,96330,84109,,,1.66,0.74,0.75,0.75,1.26,1.06,0.56,0.62,0.71,1.59,1.154384777337664
D2C,YYCPETGTWY,Asp2Cys,4030.306154110595,0.29,0.52,41514.727705435966,6,0.005744602520692737,0.41580539914785236,5.219389607603418,19.315746956400602,2.0,CUGP,435.0,28.0,28.0,16,84941,82938,,,2.06,1.01,0.49,0.79,0.79,0.99,1.26,0.72,0.87,1.86,0.8609083594601725
D2M,YYMPETGTWY,Asp2Met,4030.199672693864,0.29,0.52,21296.907935274787,13,0.003017437020770921,0.21401532662311362,3.212205493189352,10.516282902833382,2.0,AVILMFYW,428.0,21.0,21.0,17,97668,83490,,,1.52,0.49,0.24,0.71,0.93,0.89,1.04,0.12,0.35,1.61,1.5283947133889757
D2N,YYNPETGTWY,Asp2Asn,3917.583875755423,0.29,0.52,20145.4298579803,12,0.007418983487517203,0.2903115012438918,6.417420940242419,10.428938415662394,2.0,STNQ,420.0,13.0,13.0,17,94535,89685,,,1.64,0.48,0.21,0.69,1.05,1.02,0.92,0.32,0.25,1.42,1.5839791515958226
D2R,YYRPETGTWY,Asp2Arg,3333.674399556505,0.29,0.52,14474.77145319229,49,0.005989677703522277,0.5580423494477933,6.099413019105435,17.046479355562198,2.0,RHKDE,450.0,43.0,43.0,17,87336,61648,,,1.72,0.47,0.24,0.73,1.02,0.91,0.9,0.31,0.31,1.53,1.9145493739454973
D2E,YYEPETGTWY,Asp2Glu,3506.0412019843116,0.29,0.52,38120.815175448326,12,0.0028839501873004635,0.4181745948658846,2.7780948352951285,16.427238491933988,2.0,RHKDE,417.0,10.0,10.0,18,98721,91992,,,1.46,0.6,0.53,0.83,1.05,0.94,0.55,0.22,0.24,2.12,0.9461961451955836
D2Y,YYYPETGTWY,Asp2Tyr,3994.618285135567,0.29,0.52,43137.315894540494,53,0.004474624741156536,0.3203702347750691,5.036191400270704,8.920620745107325,2.0,,396.0,-11.0,11.0,16,90034,84059,,,2.2,1.2,0.81,0.96,0.69,0.94,1.56,0.72,1.2,2.1,0.822568187668588
Y9E,YYDPETGTWE,Tyr9Glu,2887.991574003838,0.29,0.52,4697.130137555552,25,0.02566153849014952,0.5890548501625192,24.00633398504271,7.73619237841472,9.0,RHKDE,290.0,-117.0,117.0,17,86561,95070,,,1.67,0.55,0.47,0.7,1.27,1.11,0.51,0.44,0.71,1.69,3.0400048950209
Y9G,YYDPETGTWG,Tyr9Gly,3042.6244374667,0.29,0.52,4241.4433171801775,45,0.013368831726295684,0.5969106398020438,12.076583919024268,16.995633972288683,9.0,CUGP,358.0,-49.0,49.0,15,92337,70266,,,2.03,1.3,1.08,1.0,1.19,1.12,0.73,0.69,1.65,2.37,3.1420529918940074
Y9Q,YYDPETGTWQ,Tyr9Gln,3305.761881245221,0.29,0.52,4189.862974679547,53,0.01821694371274524,0.5600293040958408,16.836815978887415,8.467295640023774,9.0,STNQ,352.0,-55.0,55.0,16,77036,96649,,,2.0,0.65,0.57,0.64,1.03,1.14,1.24,0.46,0.72,1.57,3.154288577749712
Y9R,YYDPETGTWR,Tyr9Arg,3023.0048057661165,0.29,0.52,5969.549261943132,25,0.014494593268643802,0.6351896769447641,13.264568943719375,23.48989265373701,9.0,RHKDE,384.0,-23.0,23.0,17,78552,92549,,,1.84,0.5,0.81,0.76,1.06,0.96,0.93,0.55,0.51,1.8,2.800285184166398
Y9V,YYDPETGTWV,Tyr9Val,4644.749001113791,0.29,0.52,11769.91064610103,33,0.02057795579763562,0.5150499777012456,17.903669111045573,11.026367189592264,9.0,AVILMFYW,373.0,-34.0,34.0,17,88225,98198,,,1.86,0.52,0.42,0.72,1.12,1.11,0.71,0.35,0.48,1.61,2.121410278630358
Y9A,YYDPETGTWA,Tyr9Ala,3745.6644074097576,0.29,0.52,1934.3557109255312,41,0.018606828523597716,0.3678699562845693,17.03408734456237,13.168423461384284,9.0,AVILMFYW,293.0,-114.0,114.0,18,87651,189718,,,1.73,0.46,0.38,0.64,1.16,1.1,0.53,0.33,0.61,1.6,3.9271823031022395
T7V,YYDPETGVWY,Thr7Val,3164.0513832455986,0.29,0.52,46753.19615059498,8,0.002979845086584096,0.5309716293904501,2.9863056372278147,21.27920447822342,7.0,AVILMFYW,377.0,-30.0,30.0,18,96112,72607,,,1.8,1.11,1.06,0.86,1.12,1.04,0.63,0.56,1.1,2.12,0.7420739879531276
T7Q,YYDPETGQWY,Thr7Gln,3799.858921674834,0.29,0.52,8936.35092139945,21,0.00445815857278688,0.400173638550226,5.0991472978585834,7.340416005396949,7.0,STNQ,403.0,-4.0,4.0,16,87015,89366,,,1.93,0.63,0.54,0.78,1.08,0.98,0.75,0.27,0.3,2.44,2.396829276689068
T7R,YYDPETGRWY,Thr7Arg,4725.197077691115,0.29,0.52,516280.9152023314,31,0.004929257228578146,0.503652923915547,4.731798323112197,14.842576359634883,7.0,RHKDE,395.0,-12.0,12.0,18,96645,98810,,,1.37,0.54,0.47,0.78,1.09,0.95,0.55,0.13,0.24,2.1,-1.659694418442859
T7Y,YYDPETGYWY,Thr7Tyr,1607.166885474984,0.29,0.52,12345.765821705323,15,0.0033947312777044317,0.7326270718935077,4.4450519341111345,16.679067729240074,7.0,AVILMFYW,386.0,-21.0,21.0,17,75201,57412,,,1.63,0.98,0.76,0.99,1.09,0.91,0.7,0.56,0.44,2.14,2.073643452365455
T7G,YYDPETGGWY,,1297.3151418012321,0.29,0.52,274.39775964679916,41,0.02124495902709657,0.9391655574565926,26.22194414631012,33.64425617173105,7.0,CUGP,,,,17,88772,30944,,,1.43,1.79,1.18,0.74,1.17,0.63,0.57,0.85,1.8,1.9,5.880133155924781
T7D,YYDPETGDWY,Thr7Asp,6540.815788486601,0.29,0.52,79283.28213945474,7,0.0085092883904007,0.336692444546202,8.998102450114105,13.47113537935332,7.0,CUGP,320.0,-87.0,87.0,18,96650,91506,,,1.85,0.53,0.4,0.67,1.12,1.1,0.65,0.36,0.56,1.56,0.2139293197065404
Y0R,RYDPETGTWY,Tyr0Arg,1908.2460731948258,0.29,0.52,7282.1045716628205,50,0.002257845776429654,0.8781539652809909,2.1218525808710655,32.14436032402157,0.0,,385.0,-22.0,22.0,19,99060,23930,,,1.52,0.49,0.56,0.63,1.13,0.96,0.23,0.15,0.57,1.78,2.601536698264167
Y0Q,QYDPETGTWY,Tyr0Gln,4583.6922861081075,0.29,0.52,28025.903350776156,49,0.0026254964714919784,0.7218374233723526,2.4744070276491024,14.198985228684212,0.0,,371.0,-36.0,36.0,19,99843,82675,,,1.52,0.6,0.37,0.57,1.18,1.12,0.54,0.15,0.39,1.68,1.2538274060222476
Y0E,EYDPETGTWY,Tyr0Glu,6128.608646827061,0.29,0.52,22392.879176401755,26,0.004955122520312507,0.6313191842470696,3.9199602538095597,14.570252899130507,0.0,,407.5,0.5,0.5,17,99698,83342,,,1.82,0.52,0.36,0.7,1.14,0.98,0.67,0.37,0.69,1.63,1.478213593797185
Y0A,AYDPETGTWY,Tyr0Ala,4055.9514264078925,0.29,0.52,53459.252021711225,29,0.004645992170201444,0.29687152818622714,3.7259393173528617,13.455320281222725,0.0,AVILMFYW,392.0,-15.0,15.0,19,99798,85894,,,1.44,0.32,0.24,0.68,0.97,0.88,0.67,0.13,0.37,1.72,0.6080368889590967
P3M,YYDMETGTWY,Pro3Met,4319.212396988388,0.29,0.52,72990.18567978164,16,0.002053943875358846,0.49766121291599624,2.2195316688701907,23.369617677617278,3.0,,338.0,-69.0,69.0,21,82941,91910,,,1.65,0.87,1.19,0.57,1.27,0.96,0.31,0.89,1.13,1.62,0.2966316188411249
P3D,YYDDETGTWY,Pro3Asp,2995.8496117847026,0.29,0.52,3306.9666748759587,18,0.00838420007830977,0.6011399624840233,7.94208098953143,32.81261426035822,3.0,,318.0,-89.0,89.0,21,92439,85218,,,1.59,0.56,0.58,0.62,1.13,1.0,0.49,0.37,0.49,1.61,3.3909252514063533
P3R,YYDRETGTWY,Pro3Arg,3915.5414806595577,0.29,0.52,4650.1526066245815,119,0.0027257579611228155,0.564069878112556,2.7568245342089774,30.076748068265243,3.0,,332.0,-75.0,75.0,21,71419,82748,,,1.49,0.64,0.57,0.55,1.14,0.99,0.39,0.33,0.61,1.71,3.0500565705188754
P3C,YYDCETGTWY,Pro3Cys,1832.46873773783,0.29,0.52,2358.1954701568925,10,0.005252307225556976,0.6229670873384983,4.797067022668746,31.955428004617804,3.0,,318.0,-89.0,89.0,19,95002,85612,,,1.17,1.42,1.48,1.11,0.95,1.04,0.72,1.22,1.85,1.72,3.7290599129401034
T5R,YYDPERGTWY,,3615.9497776842254,0.29,0.52,7409374.333636782,30,0.013293859073468422,0.4646908953163719,11.43463335860747,13.133014433563417,5.0,,414.0,7.0,7.0,17,79247,100140,,,1.52,0.83,0.57,0.77,1.14,1.05,0.69,0.22,0.32,2.01,-4.323544671110057
T5G,YYDPEGGTWY,,3875.127036935969,0.29,0.52,1087095.900446474,26,0.014402059386609642,0.4869093307385829,13.946192365073644,11.6940594266366,5.0,,394.0,-13.0,13.0,19,96888,95925,,,1.58,0.71,0.56,0.66,1.22,1.1,0.54,0.12,0.68,1.71,-2.4043084999028213
T5Y,YYDPEYGTWY,,2748.997138784975,0.29,0.52,3083.4263049703904,75,0.01954050739182529,0.5353519022869915,18.474036133679814,20.98989083368242,5.0,,330.0,-77.0,77.0,19,78084,93330,,,1.59,0.71,0.54,0.5,1.22,1.23,0.48,0.15,0.56,1.58,3.4609151928435606
T5D,YYDPEDGTWY,,1542.1984422907494,0.29,0.52,10582.330284887938,69,0.009967098206560616,0.39906538733039215,9.182536998008132,7.298456664751323,5.0,,375.0,-32.0,32.0,15,98122,97519,,,2.44,1.45,1.04,1.23,0.77,0.91,1.63,0.9,1.79,1.68,2.227770952260584
E4A,YYDPATGTWY,Glu4Ala,4328.244016301545,0.29,0.52,5769.434776858605,28,0.0021225975105119855,0.4057279100615425,1.795152560849918,19.069357356413796,4.0,,401.0,-6.0,6.0,19,99393,93930,,,1.42,0.22,0.14,0.68,1.02,0.86,0.62,0.12,0.31,1.59,2.8343824914368283
E4G,YYDPGTGTWY,Glu4Gly,2922.374361258047,0.29,0.52,2807.650213614013,12,0.007148079187762954,0.5800724924999833,6.131426659258325,24.622633864730886,4.0,,383.0,-24.0,24.0,20,99432,88540,,,1.11,1.54,1.02,0.77,1.27,1.05,0.42,0.7,1.22,1.26,3.554608697605489
E4R,YYDPRTGTWY,Glu4Arg,3356.58696108481,0.29,0.52,4975.357555495879,33,0.003279347327278674,0.20830742464968952,3.213430714657964,4.378998493574656,4.0,,423.0,16.0,16.0,16,88645,90710,,,1.92,0.79,0.53,0.75,1.08,1.02,0.89,0.3,0.21,2.35,2.9824593697291313
E4Y,YYDPYTGTWY,Glu4Tyr,3751.1650846987754,0.29,0.52,5392.5633961165395,99,0.0014682631112130785,0.25616849634105326,1.4544227912585197,6.2325689894169924,4.0,,405.0,-2.0,2.0,16,98865,97905,,,1.92,0.8,0.54,0.75,1.11,1.03,0.87,0.28,0.24,2.34,2.901935752646649
D2K,YYKPETGTWY,Asp2Lys,5888.741545701696,0.29,0.52,14765.029170152253,22,0.0033923886807490436,0.24717739946851278,3.6119769587868604,9.737592078457963,2.0,,420.0,13.0,13.0,17,96229,187658,,,1.68,0.44,0.38,0.77,0.99,0.92,1.15,0.34,0.21,1.44,1.8946951173863014
Y9K,YYDPETGTWK,Tyr9Lys,2924.9754582465102,0.29,0.52,2159.210442864607,76,0.013899943964717642,0.5219858602541192,12.659616525799581,13.70687264707355,,,386.0,-21.0,21.0,18,78481,97148,,,1.46,0.61,0.53,0.81,1.06,1.04,0.57,0.17,0.31,1.98,3.8172139890477825
